data_generation,training,metrics,total,generator,sample_size,n_epochs
0.0001220703125,0.3628990650177002,0.0019252300262451172,0.3649463653564453,"Normal(μ=0, σ=1)",100,50
6.699562072753906e-05,0.6014838218688965,0.0033957958221435547,0.6049466133117676,"Normal(μ=0, σ=1)",500,50
6.318092346191406e-05,1.043013095855713,0.013902902603149414,1.0569791793823242,"Normal(μ=0, σ=1)",1000,42
7.796287536621094e-05,0.1432480812072754,0.0011098384857177734,0.14443588256835938,Exponential(λ=1.00),100,50
5.984306335449219e-05,0.5131950378417969,0.0033941268920898438,0.5166490077972412,Exponential(λ=1.00),500,50
6.29425048828125e-05,1.1036112308502197,0.010822296142578125,1.1144964694976807,Exponential(λ=1.00),1000,50
7.295608520507812e-05,0.11714506149291992,0.001068115234375,0.1182861328125,"Uniform(0, 2)",100,50
5.888938903808594e-05,0.5670959949493408,0.0036468505859375,0.5708017349243164,"Uniform(0, 2)",500,50
7.200241088867188e-05,0.9809370040893555,0.010238885879516602,0.9912478923797607,"Uniform(0, 2)",1000,50
