data_generation,training,metrics,total,generator,sample_size,n_epochs
0.00011229515075683594,0.17341113090515137,0.001483917236328125,0.17500734329223633,"Normal(μ=0, σ=1)",100,50
6.389617919921875e-05,0.49863719940185547,0.0033550262451171875,0.5020561218261719,"Normal(μ=0, σ=1)",500,50
7.224082946777344e-05,0.9337620735168457,0.01194310188293457,0.945777416229248,"Normal(μ=0, σ=1)",1000,44
6.699562072753906e-05,0.13949966430664062,0.001049041748046875,0.14061570167541504,Exponential(λ=1.00),100,50
6.079673767089844e-05,0.49960875511169434,0.00341796875,0.5030875205993652,Exponential(λ=1.00),500,50
6.699562072753906e-05,0.9823870658874512,0.010237932205200195,0.9926919937133789,Exponential(λ=1.00),1000,50
6.389617919921875e-05,0.13441801071166992,0.0010979175567626953,0.13557982444763184,"Uniform(0, 2)",100,50
6.127357482910156e-05,0.48542308807373047,0.0034301280975341797,0.48891448974609375,"Uniform(0, 2)",500,50
5.7697296142578125e-05,0.9968938827514648,0.010662078857421875,1.0076136589050293,"Uniform(0, 2)",1000,50
