sample_size,data_generation,training,metrics,total,data_generation_pct,training_pct,metrics_pct
100,8.106231689453125e-05,0.1491096019744873,0.0012102921803792317,0.15040095647176108,0.05389747432208074,99.1413920977848,0.8047104278931054
500,6.198883056640625e-05,0.49455634752909344,0.003401041030883789,0.49801937739054364,0.012447072017801228,99.30463953439015,0.6829133935920558
1000,6.56445821126302e-05,0.9710143407185873,0.010947704315185547,0.9820276896158854,0.006684595842537466,98.87850933189003,1.1148060722674409
