sample_size,data_generation,training,metrics,total,data_generation_pct,training_pct,metrics_pct
100,9.099642435709636e-05,0.2077640692392985,0.0013677279154459636,0.20922279357910156,0.04349259600278353,99.30278899595537,0.6537184080418381
500,6.190935770670573e-05,0.5605916182200114,0.0034789244333902993,0.5641324520111084,0.010974259233979801,99.3723399924124,0.6166857483536146
1000,6.604194641113281e-05,1.0425204435984294,0.01165469487508138,1.0542411804199219,0.006264405871987205,98.88823003320512,1.1055055609228925
