generator,sample_size,training_time_mean,training_time_std,final_loss_mean,final_loss_std,n_epochs_mean,n_epochs_std,mmd_mean,mmd_std,two_sample_mean_p_mean,two_sample_mean_p_std,two_sample_rejected_mean,two_sample_rejected_std,mean_distance_mean,mean_distance_std,cov_frobenius_mean,cov_frobenius_std
Exponential(λ=1.00),100,0.210788,0.027662,0.528539,0.048488,46.0,4.582576,0.0,0.0,0.517263,0.258207,0.0,0.0,0.124798,0.022189,0.294957,0.210358
Exponential(λ=1.00),500,0.534089,0.084501,0.492212,0.005684,26.666667,4.50925,0.0,0.0,0.78627,0.199166,0.0,0.0,0.031584,0.009733,0.088426,0.087974
"Normal(μ=0, σ=1)",100,0.557451,0.70922,0.542425,0.007916,32.666667,7.505553,0.0,0.0,0.697338,0.28882,0.0,0.0,0.067411,0.034697,0.102049,0.078796
"Normal(μ=0, σ=1)",500,0.569635,0.403962,0.578316,0.022144,25.666667,12.423097,0.00444,0.007691,0.593031,0.350809,0.0,0.0,0.036108,0.032379,0.074336,0.041997
"Uniform(0, 2)",100,0.220885,0.034366,0.342807,0.00666,46.666667,4.163332,0.050377,0.087256,0.297199,0.216706,0.0,0.0,0.034501,0.051847,0.05362,0.041315
"Uniform(0, 2)",500,0.742923,0.127174,0.336524,0.00738,38.333333,5.033223,0.018714,0.032414,0.171446,0.102091,0.0,0.0,0.039938,0.028464,0.034697,0.003266
